map_unit,region,party,votes,local_seats
Province d'Azilal إقليم أزيلال,Béni Mellal-Khénifra,PAM,47463,2
Province d'Azilal إقليم أزيلال,Béni Mellal-Khénifra,RNI,46396,2
Province d'Azilal إقليم أزيلال,Béni Mellal-Khénifra,PI,21661,1
Province d'Azilal إقليم أزيلال,Béni Mellal-Khénifra,USFP,15123,0
Province d'Azilal إقليم أزيلال,Béni Mellal-Khénifra,MP,11634,1
Province d'Azilal إقليم أزيلال,Béni Mellal-Khénifra,UC,9392,0
Province d'Azilal إقليم أزيلال,Béni Mellal-Khénifra,PJD,8980,0
Province d'Azilal إقليم أزيلال,Béni Mellal-Khénifra,PPS,2705,0
Province d'Azilal إقليم أزيلال,Béni Mellal-Khénifra,PSU,1946,0
Province d'Azilal إقليم أزيلال,Béni Mellal-Khénifra,AFG,751,0
Province d'Azilal إقليم أزيلال,Béni Mellal-Khénifra,PCS,649,0
Province d'Azilal إقليم أزيلال,Béni Mellal-Khénifra,PML,483,0
Province d'Azilal إقليم أزيلال,Béni Mellal-Khénifra,PVM,457,0
Province d'Azilal إقليم أزيلال,Béni Mellal-Khénifra,FFD,269,0
Province d'Azilal إقليم أزيلال,Béni Mellal-Khénifra,PDI,115,0
Province de Beni Mellal إقليم بني ملال,Béni Mellal-Khénifra,RNI,35299,1
Province de Beni Mellal إقليم بني ملال,Béni Mellal-Khénifra,PAM,30383,1
Province de Beni Mellal إقليم بني ملال,Béni Mellal-Khénifra,PI,16274,1
Province de Beni Mellal إقليم بني ملال,Béni Mellal-Khénifra,USFP,12589,1
Province de Beni Mellal إقليم بني ملال,Béni Mellal-Khénifra,MP,11169,1
Province de Beni Mellal إقليم بني ملال,Béni Mellal-Khénifra,PPS,10788,1
Province de Beni Mellal إقليم بني ملال,Béni Mellal-Khénifra,AFG,9566,0
Province de Beni Mellal إقليم بني ملال,Béni Mellal-Khénifra,PJD,6852,0
Province de Beni Mellal إقليم بني ملال,Béni Mellal-Khénifra,MDS,6255,0
Province de Beni Mellal إقليم بني ملال,Béni Mellal-Khénifra,FFD,3328,0
Province de Beni Mellal إقليم بني ملال,Béni Mellal-Khénifra,PSU,946,0
Province de Beni Mellal إقليم بني ملال,Béni Mellal-Khénifra,PVM,671,0
Province de Beni Mellal إقليم بني ملال,Béni Mellal-Khénifra,PDN,208,0
Province de Beni Mellal إقليم بني ملال,Béni Mellal-Khénifra,PRV,103,0
Province de Beni Mellal إقليم بني ملال,Béni Mellal-Khénifra,PSD,66,0
Province de Fquih Ben Saleh إقليم الفقيه بن صالح,Béni Mellal-Khénifra,RNI,37584,1
Province de Fquih Ben Saleh إقليم الفقيه بن صالح,Béni Mellal-Khénifra,MP,25704,1
Province de Fquih Ben Saleh إقليم الفقيه بن صالح,Béni Mellal-Khénifra,PAM,20367,1
Province de Fquih Ben Saleh إقليم الفقيه بن صالح,Béni Mellal-Khénifra,USFP,17205,1
Province de Fquih Ben Saleh إقليم الفقيه بن صالح,Béni Mellal-Khénifra,PI,12231,0
Province de Fquih Ben Saleh إقليم الفقيه بن صالح,Béni Mellal-Khénifra,PJD,6559,0
Province de Fquih Ben Saleh إقليم الفقيه بن صالح,Béni Mellal-Khénifra,UC,2265,0
Province de Fquih Ben Saleh إقليم الفقيه بن صالح,Béni Mellal-Khénifra,AFG,1517,0
Province de Fquih Ben Saleh إقليم الفقيه بن صالح,Béni Mellal-Khénifra,PML,902,0
Province de Fquih Ben Saleh إقليم الفقيه بن صالح,Béni Mellal-Khénifra,PVM,875,0
Province de Fquih Ben Saleh إقليم الفقيه بن صالح,Béni Mellal-Khénifra,PPS,735,0
Province de Fquih Ben Saleh إقليم الفقيه بن صالح,Béni Mellal-Khénifra,PA,352,0
Province de Fquih Ben Saleh إقليم الفقيه بن صالح,Béni Mellal-Khénifra,PCS,269,0
Province de Fquih Ben Saleh إقليم الفقيه بن صالح,Béni Mellal-Khénifra,PLJS,149,0
Province de Fquih Ben Saleh إقليم الفقيه بن صالح,Béni Mellal-Khénifra,PRV,58,0
Province de Khouribga إقليم خريبكة,Béni Mellal-Khénifra,RNI,22708,1
Province de Khouribga إقليم خريبكة,Béni Mellal-Khénifra,PAM,18811,1
Province de Khouribga إقليم خريبكة,Béni Mellal-Khénifra,MP,17227,1
Province de Khouribga إقليم خريبكة,Béni Mellal-Khénifra,PI,16326,1
Province de Khouribga إقليم خريبكة,Béni Mellal-Khénifra,USFP,15576,1
Province de Khouribga إقليم خريبكة,Béni Mellal-Khénifra,PPS,11940,1
Province de Khouribga إقليم خريبكة,Béni Mellal-Khénifra,MDS,9394,0
Province de Khouribga إقليم خريبكة,Béni Mellal-Khénifra,PJD,5528,0
Province de Khouribga إقليم خريبكة,Béni Mellal-Khénifra,UC,5507,0
Province de Khouribga إقليم خريبكة,Béni Mellal-Khénifra,PSU,2197,0
Province de Khouribga إقليم خريبكة,Béni Mellal-Khénifra,AFG,1441,0
Province de Khouribga إقليم خريبكة,Béni Mellal-Khénifra,NEO,1419,0
Province de Khouribga إقليم خريبكة,Béni Mellal-Khénifra,PML,1054,0
Province de Khouribga إقليم خريبكة,Béni Mellal-Khénifra,FFD,1049,0
Province de Khouribga إقليم خريبكة,Béni Mellal-Khénifra,PAN,527,0
Province de Khouribga إقليم خريبكة,Béni Mellal-Khénifra,PVM,364,0
Province de Khouribga إقليم خريبكة,Béni Mellal-Khénifra,PLJS,341,0
Province de Khouribga إقليم خريبكة,Béni Mellal-Khénifra,PRD,171,0
Province de Khénifra إقليم خنيفرة,Béni Mellal-Khénifra,RNI,32591,1
Province de Khénifra إقليم خنيفرة,Béni Mellal-Khénifra,MP,23555,1
Province de Khénifra إقليم خنيفرة,Béni Mellal-Khénifra,PI,12941,1
Province de Khénifra إقليم خنيفرة,Béni Mellal-Khénifra,PAM,12767,0
Province de Khénifra إقليم خنيفرة,Béni Mellal-Khénifra,MDS,7316,0
Province de Khénifra إقليم خنيفرة,Béni Mellal-Khénifra,UC,6580,0
Province de Khénifra إقليم خنيفرة,Béni Mellal-Khénifra,USFP,6077,0
Province de Khénifra إقليم خنيفرة,Béni Mellal-Khénifra,FFD,1835,0
Province de Khénifra إقليم خنيفرة,Béni Mellal-Khénifra,PPS,1681,0
Province de Khénifra إقليم خنيفرة,Béni Mellal-Khénifra,PSU,751,0
Province de Khénifra إقليم خنيفرة,Béni Mellal-Khénifra,AFG,572,0
Province de Khénifra إقليم خنيفرة,Béni Mellal-Khénifra,PA,563,0
Province de Khénifra إقليم خنيفرة,Béni Mellal-Khénifra,PEDD,365,0
Province de Khénifra إقليم خنيفرة,Béni Mellal-Khénifra,PVM,214,0
Berrechid Province,Casablanca-Settat,PI,43744,1
Berrechid Province,Casablanca-Settat,RNI,38879,1
Berrechid Province,Casablanca-Settat,PAM,20161,1
Berrechid Province,Casablanca-Settat,USFP,14748,1
Berrechid Province,Casablanca-Settat,PJD,5153,0
Berrechid Province,Casablanca-Settat,MP,2996,0
Berrechid Province,Casablanca-Settat,UC,1477,0
Berrechid Province,Casablanca-Settat,PPS,1227,0
Berrechid Province,Casablanca-Settat,PRV,1126,0
Berrechid Province,Casablanca-Settat,AFG,897,0
Berrechid Province,Casablanca-Settat,NEO,409,0
Berrechid Province,Casablanca-Settat,PSU,360,0
Berrechid Province,Casablanca-Settat,PML,196,0
Berrechid Province,Casablanca-Settat,PEDD,132,0
Berrechid Province,Casablanca-Settat,PVM,73,0
Berrechid Province,Casablanca-Settat,PCS,53,0
El Jadida Province,Casablanca-Settat,RNI,52953,1
El Jadida Province,Casablanca-Settat,PI,35868,1
El Jadida Province,Casablanca-Settat,PAM,27290,1
El Jadida Province,Casablanca-Settat,USFP,22367,1
El Jadida Province,Casablanca-Settat,PPS,20719,1
El Jadida Province,Casablanca-Settat,MP,17748,1
El Jadida Province,Casablanca-Settat,UC,4595,0
El Jadida Province,Casablanca-Settat,PJD,4477,0
El Jadida Province,Casablanca-Settat,AFG,3544,0
El Jadida Province,Casablanca-Settat,UMD,2162,0
El Jadida Province,Casablanca-Settat,FFD,2074,0
El Jadida Province,Casablanca-Settat,NEO,1314,0
El Jadida Province,Casablanca-Settat,PDI,1099,0
El Jadida Province,Casablanca-Settat,PSU,895,0
El Jadida Province,Casablanca-Settat,PEDD,813,0
El Jadida Province,Casablanca-Settat,MDS,752,0
El Jadida Province,Casablanca-Settat,PLJS,685,0
El Jadida Province,Casablanca-Settat,PCS,582,0
El Jadida Province,Casablanca-Settat,PML,562,0
El Jadida Province,Casablanca-Settat,PRD,408,0
El Jadida Province,Casablanca-Settat,PAN,151,0
Médiouna Province,Casablanca-Settat,PI,13387,1
Médiouna Province,Casablanca-Settat,PAM,13029,1
Médiouna Province,Casablanca-Settat,RNI,11673,0
Médiouna Province,Casablanca-Settat,USFP,1121,0
Médiouna Province,Casablanca-Settat,PPS,1033,0
Médiouna Province,Casablanca-Settat,PJD,853,0
Médiouna Province,Casablanca-Settat,PVM,753,0
Médiouna Province,Casablanca-Settat,FFD,242,0
Médiouna Province,Casablanca-Settat,PCS,165,0
Médiouna Province,Casablanca-Settat,PA,20,0
Nouaceur Province,Casablanca-Settat,RNI,21076,1
Nouaceur Province,Casablanca-Settat,PAM,13092,1
Nouaceur Province,Casablanca-Settat,PI,9448,1
Nouaceur Province,Casablanca-Settat,USFP,3292,0
Nouaceur Province,Casablanca-Settat,UC,1961,0
Nouaceur Province,Casablanca-Settat,PJD,1648,0
Nouaceur Province,Casablanca-Settat,MP,1585,0
Nouaceur Province,Casablanca-Settat,PSU,997,0
Nouaceur Province,Casablanca-Settat,PML,980,0
Nouaceur Province,Casablanca-Settat,PPS,708,0
Nouaceur Province,Casablanca-Settat,NEO,569,0
Nouaceur Province,Casablanca-Settat,PLJS,188,0
Nouaceur Province,Casablanca-Settat,PVM,151,0
Nouaceur Province,Casablanca-Settat,PCS,45,0
Prefecture of Casablanca,Casablanca-Settat,RNI,92263,8
Prefecture of Casablanca,Casablanca-Settat,PAM,39109,7
Prefecture of Casablanca,Casablanca-Settat,PI,28866,7
Prefecture of Casablanca,Casablanca-Settat,PJD,21765,1
Prefecture of Casablanca,Casablanca-Settat,UC,20181,2
Prefecture of Casablanca,Casablanca-Settat,PPS,12135,1
Prefecture of Casablanca,Casablanca-Settat,MP,10389,0
Prefecture of Casablanca,Casablanca-Settat,USFP,9672,0
Prefecture of Casablanca,Casablanca-Settat,PSU,7149,0
Prefecture of Casablanca,Casablanca-Settat,AFG,5879,0
Prefecture of Casablanca,Casablanca-Settat,MDS,3911,0
Prefecture of Casablanca,Casablanca-Settat,NEO,3149,0
Prefecture of Casablanca,Casablanca-Settat,FFD,2775,0
Prefecture of Casablanca,Casablanca-Settat,PEDD,1548,0
Prefecture of Casablanca,Casablanca-Settat,PRV,1284,0
Prefecture of Casablanca,Casablanca-Settat,PCS,1157,0
Prefecture of Casablanca,Casablanca-Settat,AHD,998,0
Prefecture of Casablanca,Casablanca-Settat,PUD,986,0
Prefecture of Casablanca,Casablanca-Settat,PDI,918,0
Prefecture of Casablanca,Casablanca-Settat,PLJS,856,0
Prefecture of Casablanca,Casablanca-Settat,PA,654,0
Prefecture of Casablanca,Casablanca-Settat,PML,209,0
Prefecture of Casablanca,Casablanca-Settat,PRD,191,0
Prefecture of Casablanca,Casablanca-Settat,PAN,160,0
Prefecture of Casablanca,Casablanca-Settat,PVM,112,0
Prefecture of Casablanca,Casablanca-Settat,PSD,37,0
Prefecture of Mohammédia,Casablanca-Settat,RNI,24401,1
Prefecture of Mohammédia,Casablanca-Settat,PI,14498,1
Prefecture of Mohammédia,Casablanca-Settat,PAM,8605,1
Prefecture of Mohammédia,Casablanca-Settat,USFP,5121,0
Prefecture of Mohammédia,Casablanca-Settat,PJD,2638,0
Prefecture of Mohammédia,Casablanca-Settat,UC,2469,0
Prefecture of Mohammédia,Casablanca-Settat,NEO,1424,0
Prefecture of Mohammédia,Casablanca-Settat,FFD,1159,0
Prefecture of Mohammédia,Casablanca-Settat,MP,1102,0
Prefecture of Mohammédia,Casablanca-Settat,PPS,1051,0
Prefecture of Mohammédia,Casablanca-Settat,AFG,788,0
Prefecture of Mohammédia,Casablanca-Settat,PEDD,725,0
Prefecture of Mohammédia,Casablanca-Settat,PSU,633,0
Prefecture of Mohammédia,Casablanca-Settat,PUD,346,0
Prefecture of Mohammédia,Casablanca-Settat,PCS,330,0
Prefecture of Mohammédia,Casablanca-Settat,PML,156,0
Prefecture of Mohammédia,Casablanca-Settat,PAN,139,0
Prefecture of Mohammédia,Casablanca-Settat,PDI,105,0
Prefecture of Mohammédia,Casablanca-Settat,PRD,86,0
Province de Benslimane إقليم بن سليمان,Casablanca-Settat,PI,18849,1
Province de Benslimane إقليم بن سليمان,Casablanca-Settat,RNI,16743,1
Province de Benslimane إقليم بن سليمان,Casablanca-Settat,PPS,14582,1
Province de Benslimane إقليم بن سليمان,Casablanca-Settat,USFP,11065,0
Province de Benslimane إقليم بن سليمان,Casablanca-Settat,PAM,6657,0
Province de Benslimane إقليم بن سليمان,Casablanca-Settat,PJD,4550,0
Province de Benslimane إقليم بن سليمان,Casablanca-Settat,NEO,822,0
Province de Benslimane إقليم بن سليمان,Casablanca-Settat,PSU,763,0
Province de Benslimane إقليم بن سليمان,Casablanca-Settat,PA,711,0
Province de Benslimane إقليم بن سليمان,Casablanca-Settat,PLJS,639,0
Province de Benslimane إقليم بن سليمان,Casablanca-Settat,AFG,541,0
Province de Benslimane إقليم بن سليمان,Casablanca-Settat,PSD,363,0
Province de Benslimane إقليم بن سليمان,Casablanca-Settat,FFD,352,0
Province de Benslimane إقليم بن سليمان,Casablanca-Settat,PML,313,0
Province de Benslimane إقليم بن سليمان,Casablanca-Settat,PVM,276,0
Province de Benslimane إقليم بن سليمان,Casablanca-Settat,PCS,107,0
Province de Sidi Bennour إقليم سيدي بنور,Casablanca-Settat,USFP,31160,1
Province de Sidi Bennour إقليم سيدي بنور,Casablanca-Settat,PAM,30366,1
Province de Sidi Bennour إقليم سيدي بنور,Casablanca-Settat,RNI,21492,1
Province de Sidi Bennour إقليم سيدي بنور,Casablanca-Settat,PI,21241,1
Province de Sidi Bennour إقليم سيدي بنور,Casablanca-Settat,UC,17169,0
Province de Sidi Bennour إقليم سيدي بنور,Casablanca-Settat,FFD,8041,0
Province de Sidi Bennour إقليم سيدي بنور,Casablanca-Settat,MP,5308,0
Province de Sidi Bennour إقليم سيدي بنور,Casablanca-Settat,PPS,1305,0
Province de Sidi Bennour إقليم سيدي بنور,Casablanca-Settat,AFG,1225,0
Province de Sidi Bennour إقليم سيدي بنور,Casablanca-Settat,PUD,641,0
Province de Sidi Bennour إقليم سيدي بنور,Casablanca-Settat,PSU,535,0
Province de Sidi Bennour إقليم سيدي بنور,Casablanca-Settat,PLJS,381,0
Province de Sidi Bennour إقليم سيدي بنور,Casablanca-Settat,PA,269,0
Settat Province,Casablanca-Settat,RNI,38020,1
Settat Province,Casablanca-Settat,PI,34171,1
Settat Province,Casablanca-Settat,UC,32360,1
Settat Province,Casablanca-Settat,PAM,24893,1
Settat Province,Casablanca-Settat,USFP,15032,1
Settat Province,Casablanca-Settat,MP,7655,1
Settat Province,Casablanca-Settat,MDS,6088,0
Settat Province,Casablanca-Settat,PJD,6060,0
Settat Province,Casablanca-Settat,PPS,4608,0
Settat Province,Casablanca-Settat,AFG,2668,0
Settat Province,Casablanca-Settat,PML,1508,0
Settat Province,Casablanca-Settat,PEDD,1005,0
Settat Province,Casablanca-Settat,PSU,793,0
Settat Province,Casablanca-Settat,FFD,742,0
Settat Province,Casablanca-Settat,PLJS,714,0
Settat Province,Casablanca-Settat,PVM,599,0
Settat Province,Casablanca-Settat,PAN,267,0
Settat Province,Casablanca-Settat,PUD,199,0
Settat Province,Casablanca-Settat,PCS,150,0
Settat Province,Casablanca-Settat,PA,138,0
Oued Ed-Dahab Province,Dakhla-Oued Ed-Dahab,PI,11611,1
Oued Ed-Dahab Province,Dakhla-Oued Ed-Dahab,RNI,6497,1
Oued Ed-Dahab Province,Dakhla-Oued Ed-Dahab,PAM,2007,0
Oued Ed-Dahab Province,Dakhla-Oued Ed-Dahab,PPS,1745,0
Oued Ed-Dahab Province,Dakhla-Oued Ed-Dahab,PSD,564,0
Oued Ed-Dahab Province,Dakhla-Oued Ed-Dahab,PJD,530,0
Oued Ed-Dahab Province,Dakhla-Oued Ed-Dahab,PCS,266,0
Oued Ed-Dahab Province,Dakhla-Oued Ed-Dahab,USFP,217,0
Oued Ed-Dahab Province,Dakhla-Oued Ed-Dahab,PRV,215,0
Oued Ed-Dahab Province,Dakhla-Oued Ed-Dahab,PEDD,211,0
Oued Ed-Dahab Province,Dakhla-Oued Ed-Dahab,PML,172,0
Oued Ed-Dahab Province,Dakhla-Oued Ed-Dahab,MDS,167,0
Oued Ed-Dahab Province,Dakhla-Oued Ed-Dahab,NEO,157,0
Oued Ed-Dahab Province,Dakhla-Oued Ed-Dahab,PRD,143,0
Oued Ed-Dahab Province,Dakhla-Oued Ed-Dahab,PAN,131,0
Oued Ed-Dahab Province,Dakhla-Oued Ed-Dahab,PLJS,111,0
Oued Ed-Dahab Province,Dakhla-Oued Ed-Dahab,PVM,81,0
Oued Ed-Dahab Province,Dakhla-Oued Ed-Dahab,PDI,52,0
Province d'Aousserd إقليم أوسرد,Dakhla-Oued Ed-Dahab,PI,4012,1
Province d'Aousserd إقليم أوسرد,Dakhla-Oued Ed-Dahab,RNI,1812,1
Province d'Aousserd إقليم أوسرد,Dakhla-Oued Ed-Dahab,PVM,1709,0
Province d'Aousserd إقليم أوسرد,Dakhla-Oued Ed-Dahab,PPS,117,0
Province d'Aousserd إقليم أوسرد,Dakhla-Oued Ed-Dahab,USFP,64,0
Province d'Aousserd إقليم أوسرد,Dakhla-Oued Ed-Dahab,PJD,35,0
Province d'Aousserd إقليم أوسرد,Dakhla-Oued Ed-Dahab,PML,34,0
Province d'Aousserd إقليم أوسرد,Dakhla-Oued Ed-Dahab,PAM,29,0
Province d'Aousserd إقليم أوسرد,Dakhla-Oued Ed-Dahab,MDS,16,0
Province d'Aousserd إقليم أوسرد,Dakhla-Oued Ed-Dahab,NEO,12,0
Province d'Aousserd إقليم أوسرد,Dakhla-Oued Ed-Dahab,PAN,2,0
Ouarzazate Province,Drâa-Tafilalet,RNI,30677,1
Ouarzazate Province,Drâa-Tafilalet,PAM,13168,1
Ouarzazate Province,Drâa-Tafilalet,PI,6832,0
Ouarzazate Province,Drâa-Tafilalet,PPS,5819,0
Ouarzazate Province,Drâa-Tafilalet,PJD,1967,0
Ouarzazate Province,Drâa-Tafilalet,USFP,1045,0
Ouarzazate Province,Drâa-Tafilalet,PSU,687,0
Ouarzazate Province,Drâa-Tafilalet,AFG,618,0
Ouarzazate Province,Drâa-Tafilalet,PEDD,526,0
Ouarzazate Province,Drâa-Tafilalet,NEO,459,0
Ouarzazate Province,Drâa-Tafilalet,PUD,223,0
Ouarzazate Province,Drâa-Tafilalet,UMD,181,0
Ouarzazate Province,Drâa-Tafilalet,PAN,144,0
Ouarzazate Province,Drâa-Tafilalet,PVM,77,0
Ouarzazate Province,Drâa-Tafilalet,PCS,47,0
Province d'Errachidia إقليم الرشيدية,Drâa-Tafilalet,RNI,24927,1
Province d'Errachidia إقليم الرشيدية,Drâa-Tafilalet,PI,16014,1
Province d'Errachidia إقليم الرشيدية,Drâa-Tafilalet,PAM,14596,1
Province d'Errachidia إقليم الرشيدية,Drâa-Tafilalet,MDS,13100,1
Province d'Errachidia إقليم الرشيدية,Drâa-Tafilalet,USFP,11651,1
Province d'Errachidia إقليم الرشيدية,Drâa-Tafilalet,PJD,9747,0
Province d'Errachidia إقليم الرشيدية,Drâa-Tafilalet,MP,6809,0
Province d'Errachidia إقليم الرشيدية,Drâa-Tafilalet,UC,6538,0
Province d'Errachidia إقليم الرشيدية,Drâa-Tafilalet,PPS,6401,0
Province d'Errachidia إقليم الرشيدية,Drâa-Tafilalet,FFD,2104,0
Province d'Errachidia إقليم الرشيدية,Drâa-Tafilalet,PSU,643,0
Province d'Errachidia إقليم الرشيدية,Drâa-Tafilalet,PA,471,0
Province d'Errachidia إقليم الرشيدية,Drâa-Tafilalet,PRD,390,0
Province d'Errachidia إقليم الرشيدية,Drâa-Tafilalet,PEDD,233,0
Province d'Errachidia إقليم الرشيدية,Drâa-Tafilalet,PVM,141,0
Province d'Errachidia إقليم الرشيدية,Drâa-Tafilalet,PDI,114,0
Province de Midelt إقليم ميدلت,Drâa-Tafilalet,RNI,29480,1
Province de Midelt إقليم ميدلت,Drâa-Tafilalet,PI,21049,1
Province de Midelt إقليم ميدلت,Drâa-Tafilalet,MP,19039,1
Province de Midelt إقليم ميدلت,Drâa-Tafilalet,PAM,3120,0
Province de Midelt إقليم ميدلت,Drâa-Tafilalet,PPS,3060,0
Province de Midelt إقليم ميدلت,Drâa-Tafilalet,USFP,2622,0
Province de Midelt إقليم ميدلت,Drâa-Tafilalet,FFD,1762,0
Province de Midelt إقليم ميدلت,Drâa-Tafilalet,PJD,1698,0
Province de Midelt إقليم ميدلت,Drâa-Tafilalet,UC,1398,0
Province de Midelt إقليم ميدلت,Drâa-Tafilalet,AFG,617,0
Province de Midelt إقليم ميدلت,Drâa-Tafilalet,PVM,412,0
Province de Midelt إقليم ميدلت,Drâa-Tafilalet,PSU,133,0
Province de Midelt إقليم ميدلت,Drâa-Tafilalet,PDI,115,0
Province de Tinghir إقليم تنغير,Drâa-Tafilalet,RNI,36365,1
Province de Tinghir إقليم تنغير,Drâa-Tafilalet,PAM,18350,1
Province de Tinghir إقليم تنغير,Drâa-Tafilalet,PPS,17418,1
Province de Tinghir إقليم تنغير,Drâa-Tafilalet,PI,9997,0
Province de Tinghir إقليم تنغير,Drâa-Tafilalet,MP,7731,0
Province de Tinghir إقليم تنغير,Drâa-Tafilalet,USFP,4507,0
Province de Tinghir إقليم تنغير,Drâa-Tafilalet,PJD,4248,0
Province de Tinghir إقليم تنغير,Drâa-Tafilalet,PSU,776,0
Province de Tinghir إقليم تنغير,Drâa-Tafilalet,NEO,680,0
Province de Tinghir إقليم تنغير,Drâa-Tafilalet,PCS,339,0
Province de Tinghir إقليم تنغير,Drâa-Tafilalet,PVM,151,0
Zagora Province,Drâa-Tafilalet,RNI,24106,1
Zagora Province,Drâa-Tafilalet,USFP,21435,1
Zagora Province,Drâa-Tafilalet,PI,20341,1
Zagora Province,Drâa-Tafilalet,MP,12793,0
Zagora Province,Drâa-Tafilalet,PPS,5250,0
Zagora Province,Drâa-Tafilalet,PJD,4555,0
Zagora Province,Drâa-Tafilalet,PAM,3650,0
Zagora Province,Drâa-Tafilalet,NEO,1035,0
Zagora Province,Drâa-Tafilalet,PRD,606,0
Zagora Province,Drâa-Tafilalet,PSU,546,0
Zagora Province,Drâa-Tafilalet,PCS,157,0
Zagora Province,Drâa-Tafilalet,UC,151,0
Prefecture de Meknès عمالة مكناس,Fez-Meknes,PI,29425,1
Prefecture de Meknès عمالة مكناس,Fez-Meknes,RNI,28336,1
Prefecture de Meknès عمالة مكناس,Fez-Meknes,MP,22550,1
Prefecture de Meknès عمالة مكناس,Fez-Meknes,UC,12966,1
Prefecture de Meknès عمالة مكناس,Fez-Meknes,PAM,10347,1
Prefecture de Meknès عمالة مكناس,Fez-Meknes,PJD,7459,1
Prefecture de Meknès عمالة مكناس,Fez-Meknes,USFP,4007,0
Prefecture de Meknès عمالة مكناس,Fez-Meknes,PSU,3250,0
Prefecture de Meknès عمالة مكناس,Fez-Meknes,AFG,2334,0
Prefecture de Meknès عمالة مكناس,Fez-Meknes,PPS,2299,0
Prefecture de Meknès عمالة مكناس,Fez-Meknes,MDS,1477,0
Prefecture de Meknès عمالة مكناس,Fez-Meknes,PEDD,1029,0
Prefecture de Meknès عمالة مكناس,Fez-Meknes,PDI,656,0
Prefecture de Meknès عمالة مكناس,Fez-Meknes,PRD,614,0
Prefecture de Meknès عمالة مكناس,Fez-Meknes,NEO,521,0
Prefecture de Meknès عمالة مكناس,Fez-Meknes,PUD,365,0
Prefecture de Meknès عمالة مكناس,Fez-Meknes,PVM,97,0
Prefecture de Meknès عمالة مكناس,Fez-Meknes,PML,85,0
Prefecture de Meknès عمالة مكناس,Fez-Meknes,PA,60,0
Province d'El Hajeb إقليم الحاجب,Fez-Meknes,PI,23569,1
Province d'El Hajeb إقليم الحاجب,Fez-Meknes,RNI,21115,1
Province d'El Hajeb إقليم الحاجب,Fez-Meknes,PPS,9922,0
Province d'El Hajeb إقليم الحاجب,Fez-Meknes,PAM,7147,0
Province d'El Hajeb إقليم الحاجب,Fez-Meknes,MP,5164,0
Province d'El Hajeb إقليم الحاجب,Fez-Meknes,PJD,4626,0
Province d'El Hajeb إقليم الحاجب,Fez-Meknes,USFP,2740,0
Province d'El Hajeb إقليم الحاجب,Fez-Meknes,PSU,1394,0
Province d'El Hajeb إقليم الحاجب,Fez-Meknes,MDS,711,0
Province d'El Hajeb إقليم الحاجب,Fez-Meknes,AFG,543,0
Province d'El Hajeb إقليم الحاجب,Fez-Meknes,PCS,402,0
Province d'El Hajeb إقليم الحاجب,Fez-Meknes,PVM,262,0
Province d'El Hajeb إقليم الحاجب,Fez-Meknes,PDI,182,0
Province d'El Hajeb إقليم الحاجب,Fez-Meknes,PA,16,0
Province d'Ifrane ⵜⴰⵙⴳⴰ ⵏ ⵉⴼⵔⴰⵏ إقليم إفران,Fez-Meknes,RNI,19595,1
Province d'Ifrane ⵜⴰⵙⴳⴰ ⵏ ⵉⴼⵔⴰⵏ إقليم إفران,Fez-Meknes,MP,17400,1
Province d'Ifrane ⵜⴰⵙⴳⴰ ⵏ ⵉⴼⵔⴰⵏ إقليم إفران,Fez-Meknes,PI,8010,0
Province d'Ifrane ⵜⴰⵙⴳⴰ ⵏ ⵉⴼⵔⴰⵏ إقليم إفران,Fez-Meknes,PAM,1363,0
Province d'Ifrane ⵜⴰⵙⴳⴰ ⵏ ⵉⴼⵔⴰⵏ إقليم إفران,Fez-Meknes,PJD,1002,0
Province d'Ifrane ⵜⴰⵙⴳⴰ ⵏ ⵉⴼⵔⴰⵏ إقليم إفران,Fez-Meknes,USFP,850,0
Province d'Ifrane ⵜⴰⵙⴳⴰ ⵏ ⵉⴼⵔⴰⵏ إقليم إفران,Fez-Meknes,PCS,423,0
Province d'Ifrane ⵜⴰⵙⴳⴰ ⵏ ⵉⴼⵔⴰⵏ إقليم إفران,Fez-Meknes,FFD,391,0
Province d'Ifrane ⵜⴰⵙⴳⴰ ⵏ ⵉⴼⵔⴰⵏ إقليم إفران,Fez-Meknes,UC,365,0
Province d'Ifrane ⵜⴰⵙⴳⴰ ⵏ ⵉⴼⵔⴰⵏ إقليم إفران,Fez-Meknes,NEO,307,0
Province d'Ifrane ⵜⴰⵙⴳⴰ ⵏ ⵉⴼⵔⴰⵏ إقليم إفران,Fez-Meknes,PVM,204,0
Province d'Ifrane ⵜⴰⵙⴳⴰ ⵏ ⵉⴼⵔⴰⵏ إقليم إفران,Fez-Meknes,PDI,90,0
Province d'Ifrane ⵜⴰⵙⴳⴰ ⵏ ⵉⴼⵔⴰⵏ إقليم إفران,Fez-Meknes,UMD,49,0
Province d'Ifrane ⵜⴰⵙⴳⴰ ⵏ ⵉⴼⵔⴰⵏ إقليم إفران,Fez-Meknes,PLJS,19,0
Province d'Ifrane ⵜⴰⵙⴳⴰ ⵏ ⵉⴼⵔⴰⵏ إقليم إفران,Fez-Meknes,PA,11,0
Province de Boulemane إقليم بولمان,Fez-Meknes,RNI,28802,1
Province de Boulemane إقليم بولمان,Fez-Meknes,MP,9499,1
Province de Boulemane إقليم بولمان,Fez-Meknes,PPS,8874,1
Province de Boulemane إقليم بولمان,Fez-Meknes,PI,8098,0
Province de Boulemane إقليم بولمان,Fez-Meknes,AFG,7322,0
Province de Boulemane إقليم بولمان,Fez-Meknes,PAM,6025,0
Province de Boulemane إقليم بولمان,Fez-Meknes,USFP,1206,0
Province de Boulemane إقليم بولمان,Fez-Meknes,PJD,1035,0
Province de Boulemane إقليم بولمان,Fez-Meknes,MDS,275,0
Province de Boulemane إقليم بولمان,Fez-Meknes,PSU,265,0
Province de Boulemane إقليم بولمان,Fez-Meknes,PVM,205,0
Province de Boulemane إقليم بولمان,Fez-Meknes,FFD,139,0
Province de Boulemane إقليم بولمان,Fez-Meknes,PCS,103,0
Province de Boulemane إقليم بولمان,Fez-Meknes,PDI,49,0
Province de Moulay Yacoub إقليم مولاي يعقوب,Fez-Meknes,PAM,18296,1
Province de Moulay Yacoub إقليم مولاي يعقوب,Fez-Meknes,RNI,14228,1
Province de Moulay Yacoub إقليم مولاي يعقوب,Fez-Meknes,PI,10629,0
Province de Moulay Yacoub إقليم مولاي يعقوب,Fez-Meknes,MP,8763,0
Province de Moulay Yacoub إقليم مولاي يعقوب,Fez-Meknes,PJD,1058,0
Province de Moulay Yacoub إقليم مولاي يعقوب,Fez-Meknes,FFD,859,0
Province de Moulay Yacoub إقليم مولاي يعقوب,Fez-Meknes,USFP,845,0
Province de Moulay Yacoub إقليم مولاي يعقوب,Fez-Meknes,UC,579,0
Province de Moulay Yacoub إقليم مولاي يعقوب,Fez-Meknes,PPS,389,0
Province de Moulay Yacoub إقليم مولاي يعقوب,Fez-Meknes,PSU,132,0
Province de Moulay Yacoub إقليم مولاي يعقوب,Fez-Meknes,NEO,73,0
Province de Moulay Yacoub إقليم مولاي يعقوب,Fez-Meknes,PA,9,0
Province de Moulay Yacoub إقليم مولاي يعقوب,Fez-Meknes,PDI,9,0
Province de Moulay Yacoub إقليم مولاي يعقوب,Fez-Meknes,PLJS,2,0
Province de Sefrou إقليم صفرو,Fez-Meknes,RNI,21648,1
Province de Sefrou إقليم صفرو,Fez-Meknes,PAM,19740,1
Province de Sefrou إقليم صفرو,Fez-Meknes,USFP,19006,1
Province de Sefrou إقليم صفرو,Fez-Meknes,PI,9364,0
Province de Sefrou إقليم صفرو,Fez-Meknes,PPS,4271,0
Province de Sefrou إقليم صفرو,Fez-Meknes,UC,2315,0
Province de Sefrou إقليم صفرو,Fez-Meknes,PJD,1812,0
Province de Sefrou إقليم صفرو,Fez-Meknes,AFG,1008,0
Province de Sefrou إقليم صفرو,Fez-Meknes,PSU,986,0
Province de Sefrou إقليم صفرو,Fez-Meknes,FFD,943,0
Province de Sefrou إقليم صفرو,Fez-Meknes,PUD,542,0
Province de Sefrou إقليم صفرو,Fez-Meknes,NEO,393,0
Province de Sefrou إقليم صفرو,Fez-Meknes,PVM,348,0
Province de Sefrou إقليم صفرو,Fez-Meknes,PEDD,305,0
Province de Sefrou إقليم صفرو,Fez-Meknes,PCS,204,0
Province de Sefrou إقليم صفرو,Fez-Meknes,PA,150,0
Province de Sefrou إقليم صفرو,Fez-Meknes,PDI,19,0
Province de Taounate إقليم تاونات,Fez-Meknes,RNI,71484,2
Province de Taounate إقليم تاونات,Fez-Meknes,PAM,46712,2
Province de Taounate إقليم تاونات,Fez-Meknes,PI,36689,1
Province de Taounate إقليم تاونات,Fez-Meknes,PPS,17252,1
Province de Taounate إقليم تاونات,Fez-Meknes,USFP,13790,0
Province de Taounate إقليم تاونات,Fez-Meknes,PJD,8745,0
Province de Taounate إقليم تاونات,Fez-Meknes,PSU,2147,0
Province de Taounate إقليم تاونات,Fez-Meknes,AFG,2010,0
Province de Taounate إقليم تاونات,Fez-Meknes,FFD,1169,0
Province de Taounate إقليم تاونات,Fez-Meknes,MDS,357,0
Province de Taounate إقليم تاونات,Fez-Meknes,PCS,69,0
Province de Taounate إقليم تاونات,Fez-Meknes,PDI,48,0
Province de Taza اقليم تازة,Fez-Meknes,PAM,27665,1
Province de Taza اقليم تازة,Fez-Meknes,RNI,25146,1
Province de Taza اقليم تازة,Fez-Meknes,MP,18370,1
Province de Taza اقليم تازة,Fez-Meknes,PI,17962,1
Province de Taza اقليم تازة,Fez-Meknes,PPS,15648,1
Province de Taza اقليم تازة,Fez-Meknes,UC,10369,0
Province de Taza اقليم تازة,Fez-Meknes,USFP,5821,0
Province de Taza اقليم تازة,Fez-Meknes,FFD,5260,0
Province de Taza اقليم تازة,Fez-Meknes,AFG,5238,0
Province de Taza اقليم تازة,Fez-Meknes,NEO,2972,0
Province de Taza اقليم تازة,Fez-Meknes,PJD,2545,0
Province de Taza اقليم تازة,Fez-Meknes,PSU,1185,0
Province de Taza اقليم تازة,Fez-Meknes,PDN,1103,0
Province de Taza اقليم تازة,Fez-Meknes,PAN,935,0
Province de Taza اقليم تازة,Fez-Meknes,PCS,670,0
Province de Taza اقليم تازة,Fez-Meknes,PVM,264,0
Province de Taza اقليم تازة,Fez-Meknes,PSD,259,0
Province de Taza اقليم تازة,Fez-Meknes,PLJS,62,0
Province de Taza اقليم تازة,Fez-Meknes,PDI,33,0
Préfecture de Fès عمالة فاس,Fez-Meknes,RNI,25695,2
Préfecture de Fès عمالة فاس,Fez-Meknes,PI,14718,2
Préfecture de Fès عمالة فاس,Fez-Meknes,PAM,13325,2
Préfecture de Fès عمالة فاس,Fez-Meknes,FFD,12562,1
Préfecture de Fès عمالة فاس,Fez-Meknes,PJD,9533,0
Préfecture de Fès عمالة فاس,Fez-Meknes,USFP,8666,1
Préfecture de Fès عمالة فاس,Fez-Meknes,PPS,4550,0
Préfecture de Fès عمالة فاس,Fez-Meknes,MP,4340,0
Préfecture de Fès عمالة فاس,Fez-Meknes,PSU,2713,0
Préfecture de Fès عمالة فاس,Fez-Meknes,AFG,2400,0
Préfecture de Fès عمالة فاس,Fez-Meknes,UC,1361,0
Préfecture de Fès عمالة فاس,Fez-Meknes,NEO,904,0
Préfecture de Fès عمالة فاس,Fez-Meknes,PSD,815,0
Préfecture de Fès عمالة فاس,Fez-Meknes,PVM,452,0
Préfecture de Fès عمالة فاس,Fez-Meknes,PLJS,313,0
Préfecture de Fès عمالة فاس,Fez-Meknes,PCS,286,0
Préfecture de Fès عمالة فاس,Fez-Meknes,PAN,280,0
Préfecture de Fès عمالة فاس,Fez-Meknes,PRD,276,0
Préfecture de Fès عمالة فاس,Fez-Meknes,PML,86,0
Préfecture de Fès عمالة فاس,Fez-Meknes,UMD,34,0
Préfecture de Fès عمالة فاس,Fez-Meknes,PDI,27,0
Assa-Zag Province,Guelmim-Oued Noun,PAM,5025,1
Assa-Zag Province,Guelmim-Oued Noun,USFP,3544,1
Assa-Zag Province,Guelmim-Oued Noun,PJD,3504,0
Assa-Zag Province,Guelmim-Oued Noun,RNI,2416,0
Assa-Zag Province,Guelmim-Oued Noun,PI,1299,0
Assa-Zag Province,Guelmim-Oued Noun,MP,431,0
Assa-Zag Province,Guelmim-Oued Noun,PPS,98,0
Assa-Zag Province,Guelmim-Oued Noun,PEDD,44,0
Assa-Zag Province,Guelmim-Oued Noun,NEO,33,0
Assa-Zag Province,Guelmim-Oued Noun,PLJS,11,0
Guelmim Province,Guelmim-Oued Noun,PAM,18807,1
Guelmim Province,Guelmim-Oued Noun,RNI,16199,1
Guelmim Province,Guelmim-Oued Noun,PI,16165,0
Guelmim Province,Guelmim-Oued Noun,MP,4142,0
Guelmim Province,Guelmim-Oued Noun,PJD,1870,0
Guelmim Province,Guelmim-Oued Noun,PEDD,1733,0
Guelmim Province,Guelmim-Oued Noun,PPS,1325,0
Guelmim Province,Guelmim-Oued Noun,USFP,689,0
Guelmim Province,Guelmim-Oued Noun,AFG,608,0
Guelmim Province,Guelmim-Oued Noun,PVM,554,0
Guelmim Province,Guelmim-Oued Noun,PML,498,0
Guelmim Province,Guelmim-Oued Noun,PSU,402,0
Guelmim Province,Guelmim-Oued Noun,PDI,400,0
Guelmim Province,Guelmim-Oued Noun,NEO,325,0
Guelmim Province,Guelmim-Oued Noun,PUD,297,0
Guelmim Province,Guelmim-Oued Noun,PCS,275,0
Guelmim Province,Guelmim-Oued Noun,FFD,225,0
Guelmim Province,Guelmim-Oued Noun,PRD,204,0
Guelmim Province,Guelmim-Oued Noun,PLJS,70,0
Guelmim Province,Guelmim-Oued Noun,PAN,25,0
Province de Tan-Tan إقليم طانطان,Guelmim-Oued Noun,PAM,5955,1
Province de Tan-Tan إقليم طانطان,Guelmim-Oued Noun,RNI,4299,1
Province de Tan-Tan إقليم طانطان,Guelmim-Oued Noun,PI,4011,0
Province de Tan-Tan إقليم طانطان,Guelmim-Oued Noun,MDS,2320,0
Province de Tan-Tan إقليم طانطان,Guelmim-Oued Noun,NEO,1106,0
Province de Tan-Tan إقليم طانطان,Guelmim-Oued Noun,PPS,945,0
Province de Tan-Tan إقليم طانطان,Guelmim-Oued Noun,MP,874,0
Province de Tan-Tan إقليم طانطان,Guelmim-Oued Noun,PJD,513,0
Province de Tan-Tan إقليم طانطان,Guelmim-Oued Noun,PSD,481,0
Province de Tan-Tan إقليم طانطان,Guelmim-Oued Noun,PEDD,458,0
Province de Tan-Tan إقليم طانطان,Guelmim-Oued Noun,PDI,274,0
Province de Tan-Tan إقليم طانطان,Guelmim-Oued Noun,PML,223,0
Province de Tan-Tan إقليم طانطان,Guelmim-Oued Noun,PLJS,220,0
Province de Tan-Tan إقليم طانطان,Guelmim-Oued Noun,PCS,186,0
Province de Tan-Tan إقليم طانطان,Guelmim-Oued Noun,FFD,176,0
Province de Tan-Tan إقليم طانطان,Guelmim-Oued Noun,PVM,125,0
Province de Tan-Tan إقليم طانطان,Guelmim-Oued Noun,PA,99,0
Province de Tan-Tan إقليم طانطان,Guelmim-Oued Noun,UMD,94,0
Sidi Ifni Province,Guelmim-Oued Noun,RNI,26825,1
Sidi Ifni Province,Guelmim-Oued Noun,PAM,20873,1
Sidi Ifni Province,Guelmim-Oued Noun,USFP,4770,0
Sidi Ifni Province,Guelmim-Oued Noun,PPS,4202,0
Sidi Ifni Province,Guelmim-Oued Noun,PJD,1460,0
Sidi Ifni Province,Guelmim-Oued Noun,PI,725,0
Sidi Ifni Province,Guelmim-Oued Noun,PA,104,0
Sidi Ifni Province,Guelmim-Oued Noun,PVM,100,0
Sidi Ifni Province,Guelmim-Oued Noun,PCS,67,0
Sidi Ifni Province,Guelmim-Oued Noun,PDI,18,0
Boujdour Province,Laâyoune-Sakia El Hamra,RNI,6493,1
Boujdour Province,Laâyoune-Sakia El Hamra,PI,5897,1
Boujdour Province,Laâyoune-Sakia El Hamra,PAM,4211,0
Boujdour Province,Laâyoune-Sakia El Hamra,FFD,1103,0
Boujdour Province,Laâyoune-Sakia El Hamra,PML,579,0
Boujdour Province,Laâyoune-Sakia El Hamra,UC,427,0
Boujdour Province,Laâyoune-Sakia El Hamra,PJD,247,0
Boujdour Province,Laâyoune-Sakia El Hamra,PPS,160,0
Boujdour Province,Laâyoune-Sakia El Hamra,AFG,117,0
Boujdour Province,Laâyoune-Sakia El Hamra,NEO,55,0
Boujdour Province,Laâyoune-Sakia El Hamra,USFP,35,0
Boujdour Province,Laâyoune-Sakia El Hamra,PVM,15,0
Laayoune Province,Laâyoune-Sakia El Hamra,PI,47548,1
Laayoune Province,Laâyoune-Sakia El Hamra,PAM,17675,1
Laayoune Province,Laâyoune-Sakia El Hamra,RNI,8198,1
Laayoune Province,Laâyoune-Sakia El Hamra,USFP,4918,0
Laayoune Province,Laâyoune-Sakia El Hamra,MP,1724,0
Laayoune Province,Laâyoune-Sakia El Hamra,PRV,1623,0
Laayoune Province,Laâyoune-Sakia El Hamra,UC,1282,0
Laayoune Province,Laâyoune-Sakia El Hamra,PJD,810,0
Laayoune Province,Laâyoune-Sakia El Hamra,PPS,604,0
Laayoune Province,Laâyoune-Sakia El Hamra,PVM,502,0
Laayoune Province,Laâyoune-Sakia El Hamra,PSD,374,0
Laayoune Province,Laâyoune-Sakia El Hamra,FFD,364,0
Laayoune Province,Laâyoune-Sakia El Hamra,PML,320,0
Laayoune Province,Laâyoune-Sakia El Hamra,PRD,251,0
Laayoune Province,Laâyoune-Sakia El Hamra,PDI,236,0
Laayoune Province,Laâyoune-Sakia El Hamra,AFG,213,0
Laayoune Province,Laâyoune-Sakia El Hamra,MDS,207,0
Laayoune Province,Laâyoune-Sakia El Hamra,PUD,160,0
Laayoune Province,Laâyoune-Sakia El Hamra,PSU,135,0
Laayoune Province,Laâyoune-Sakia El Hamra,UMD,116,0
Laayoune Province,Laâyoune-Sakia El Hamra,PCS,56,0
Province d'Es-Semara إقليم السمارة,Laâyoune-Sakia El Hamra,PI,7676,1
Province d'Es-Semara إقليم السمارة,Laâyoune-Sakia El Hamra,PAM,3771,1
Province d'Es-Semara إقليم السمارة,Laâyoune-Sakia El Hamra,RNI,3755,0
Province d'Es-Semara إقليم السمارة,Laâyoune-Sakia El Hamra,PRV,1143,0
Province d'Es-Semara إقليم السمارة,Laâyoune-Sakia El Hamra,USFP,944,0
Province d'Es-Semara إقليم السمارة,Laâyoune-Sakia El Hamra,PUD,644,0
Province d'Es-Semara إقليم السمارة,Laâyoune-Sakia El Hamra,PPS,539,0
Province d'Es-Semara إقليم السمارة,Laâyoune-Sakia El Hamra,PJD,269,0
Province d'Es-Semara إقليم السمارة,Laâyoune-Sakia El Hamra,PA,229,0
Province d'Es-Semara إقليم السمارة,Laâyoune-Sakia El Hamra,PRD,91,0
Province d'Es-Semara إقليم السمارة,Laâyoune-Sakia El Hamra,PSD,64,0
Province d'Es-Semara إقليم السمارة,Laâyoune-Sakia El Hamra,PVM,24,0
Tarfaya Province,Laâyoune-Sakia El Hamra,RNI,4594,1
Tarfaya Province,Laâyoune-Sakia El Hamra,PI,2740,1
Tarfaya Province,Laâyoune-Sakia El Hamra,USFP,1620,0
Tarfaya Province,Laâyoune-Sakia El Hamra,PAM,327,0
Tarfaya Province,Laâyoune-Sakia El Hamra,PJD,52,0
Tarfaya Province,Laâyoune-Sakia El Hamra,UC,50,0
Tarfaya Province,Laâyoune-Sakia El Hamra,PVM,13,0
Tarfaya Province,Laâyoune-Sakia El Hamra,PPS,11,0
Tarfaya Province,Laâyoune-Sakia El Hamra,PDI,8,0
Tarfaya Province,Laâyoune-Sakia El Hamra,PLJS,7,0
Al Haouz Province,Marrakech-Safi,RNI,64255,1
Al Haouz Province,Marrakech-Safi,PI,32192,1
Al Haouz Province,Marrakech-Safi,PAM,30407,1
Al Haouz Province,Marrakech-Safi,UC,26724,1
Al Haouz Province,Marrakech-Safi,PPS,19850,0
Al Haouz Province,Marrakech-Safi,MP,8024,0
Al Haouz Province,Marrakech-Safi,PJD,4528,0
Al Haouz Province,Marrakech-Safi,USFP,2139,0
Al Haouz Province,Marrakech-Safi,PAN,284,0
Chichaoua Province,Marrakech-Safi,PAM,51689,1
Chichaoua Province,Marrakech-Safi,MP,21110,1
Chichaoua Province,Marrakech-Safi,RNI,20082,1
Chichaoua Province,Marrakech-Safi,PI,15376,1
Chichaoua Province,Marrakech-Safi,USFP,12290,0
Chichaoua Province,Marrakech-Safi,UC,10468,0
Chichaoua Province,Marrakech-Safi,PJD,3145,0
Chichaoua Province,Marrakech-Safi,PPS,2151,0
Chichaoua Province,Marrakech-Safi,FFD,1027,0
Chichaoua Province,Marrakech-Safi,PSU,437,0
Essaouira Province,Marrakech-Safi,USFP,34343,1
Essaouira Province,Marrakech-Safi,RNI,30553,1
Essaouira Province,Marrakech-Safi,PI,23092,1
Essaouira Province,Marrakech-Safi,PPS,22178,1
Essaouira Province,Marrakech-Safi,PAM,21209,0
Essaouira Province,Marrakech-Safi,NEO,3675,0
Essaouira Province,Marrakech-Safi,PJD,2003,0
Essaouira Province,Marrakech-Safi,AFG,1383,0
Essaouira Province,Marrakech-Safi,PLJS,840,0
Essaouira Province,Marrakech-Safi,PML,671,0
Essaouira Province,Marrakech-Safi,MP,563,0
Essaouira Province,Marrakech-Safi,MDS,369,0
Essaouira Province,Marrakech-Safi,PSD,344,0
Essaouira Province,Marrakech-Safi,PCS,319,0
Essaouira Province,Marrakech-Safi,FFD,176,0
Province d'El Kelâat Es-Sraghna إقليم قلعة السراغنة,Marrakech-Safi,RNI,34567,1
Province d'El Kelâat Es-Sraghna إقليم قلعة السراغنة,Marrakech-Safi,PI,24279,1
Province d'El Kelâat Es-Sraghna إقليم قلعة السراغنة,Marrakech-Safi,USFP,21325,1
Province d'El Kelâat Es-Sraghna إقليم قلعة السراغنة,Marrakech-Safi,PAM,20607,1
Province d'El Kelâat Es-Sraghna إقليم قلعة السراغنة,Marrakech-Safi,UC,17597,0
Province d'El Kelâat Es-Sraghna إقليم قلعة السراغنة,Marrakech-Safi,PPS,14332,0
Province d'El Kelâat Es-Sraghna إقليم قلعة السراغنة,Marrakech-Safi,MDS,10680,0
Province d'El Kelâat Es-Sraghna إقليم قلعة السراغنة,Marrakech-Safi,PJD,4909,0
Province d'El Kelâat Es-Sraghna إقليم قلعة السراغنة,Marrakech-Safi,MP,1527,0
Province d'El Kelâat Es-Sraghna إقليم قلعة السراغنة,Marrakech-Safi,AFG,1212,0
Province d'El Kelâat Es-Sraghna إقليم قلعة السراغنة,Marrakech-Safi,PSU,567,0
Province d'El Kelâat Es-Sraghna إقليم قلعة السراغنة,Marrakech-Safi,PML,326,0
Province d'El Kelâat Es-Sraghna إقليم قلعة السراغنة,Marrakech-Safi,PVM,313,0
Province d'El Kelâat Es-Sraghna إقليم قلعة السراغنة,Marrakech-Safi,NEO,281,0
Province d'El Kelâat Es-Sraghna إقليم قلعة السراغنة,Marrakech-Safi,PCS,133,0
Province de Safi إقليم أسفي,Marrakech-Safi,PAM,33209,1
Province de Safi إقليم أسفي,Marrakech-Safi,PI,21524,1
Province de Safi إقليم أسفي,Marrakech-Safi,MP,18853,1
Province de Safi إقليم أسفي,Marrakech-Safi,RNI,17649,1
Province de Safi إقليم أسفي,Marrakech-Safi,MDS,15192,1
Province de Safi إقليم أسفي,Marrakech-Safi,UC,13065,1
Province de Safi إقليم أسفي,Marrakech-Safi,USFP,11586,0
Province de Safi إقليم أسفي,Marrakech-Safi,PPS,11110,0
Province de Safi إقليم أسفي,Marrakech-Safi,PJD,5315,0
Province de Safi إقليم أسفي,Marrakech-Safi,FFD,1471,0
Province de Safi إقليم أسفي,Marrakech-Safi,AFG,1077,0
Province de Safi إقليم أسفي,Marrakech-Safi,PCS,892,0
Province de Safi إقليم أسفي,Marrakech-Safi,UMD,849,0
Province de Safi إقليم أسفي,Marrakech-Safi,PML,805,0
Province de Safi إقليم أسفي,Marrakech-Safi,NEO,787,0
Province de Safi إقليم أسفي,Marrakech-Safi,PSU,758,0
Province de Safi إقليم أسفي,Marrakech-Safi,PAN,457,0
Province de Safi إقليم أسفي,Marrakech-Safi,PLJS,439,0
Province de Safi إقليم أسفي,Marrakech-Safi,PUD,424,0
Province de Safi إقليم أسفي,Marrakech-Safi,PRD,289,0
Province de Safi إقليم أسفي,Marrakech-Safi,PVM,147,0
Province de Safi إقليم أسفي,Marrakech-Safi,PSD,78,0
Province de Youssoufia إقليم اليوسفية,Marrakech-Safi,PAM,19120,1
Province de Youssoufia إقليم اليوسفية,Marrakech-Safi,PI,16011,1
Province de Youssoufia إقليم اليوسفية,Marrakech-Safi,RNI,14144,0
Province de Youssoufia إقليم اليوسفية,Marrakech-Safi,MP,9106,0
Province de Youssoufia إقليم اليوسفية,Marrakech-Safi,UC,5030,0
Province de Youssoufia إقليم اليوسفية,Marrakech-Safi,PJD,1505,0
Province de Youssoufia إقليم اليوسفية,Marrakech-Safi,USFP,1366,0
Province de Youssoufia إقليم اليوسفية,Marrakech-Safi,PPS,598,0
Province de Youssoufia إقليم اليوسفية,Marrakech-Safi,PEDD,588,0
Province de Youssoufia إقليم اليوسفية,Marrakech-Safi,AFG,401,0
Province de Youssoufia إقليم اليوسفية,Marrakech-Safi,PLJS,290,0
Province de Youssoufia إقليم اليوسفية,Marrakech-Safi,NEO,273,0
Province de Youssoufia إقليم اليوسفية,Marrakech-Safi,PUD,267,0
Province de Youssoufia إقليم اليوسفية,Marrakech-Safi,PDI,196,0
Province de Youssoufia إقليم اليوسفية,Marrakech-Safi,PSU,170,0
Province de Youssoufia إقليم اليوسفية,Marrakech-Safi,PAN,129,0
Province de Youssoufia إقليم اليوسفية,Marrakech-Safi,PVM,129,0
Préfecture de Marrakech عمالة مراكش,Marrakech-Safi,PAM,65581,3
Préfecture de Marrakech عمالة مراكش,Marrakech-Safi,RNI,44942,3
Préfecture de Marrakech عمالة مراكش,Marrakech-Safi,PI,37033,3
Préfecture de Marrakech عمالة مراكش,Marrakech-Safi,UC,14325,0
Préfecture de Marrakech عمالة مراكش,Marrakech-Safi,MP,12721,0
Préfecture de Marrakech عمالة مراكش,Marrakech-Safi,PJD,12198,0
Préfecture de Marrakech عمالة مراكش,Marrakech-Safi,USFP,7933,0
Préfecture de Marrakech عمالة مراكش,Marrakech-Safi,PPS,3492,0
Préfecture de Marrakech عمالة مراكش,Marrakech-Safi,PSU,2242,0
Préfecture de Marrakech عمالة مراكش,Marrakech-Safi,MDS,1324,0
Préfecture de Marrakech عمالة مراكش,Marrakech-Safi,PEDD,1255,0
Préfecture de Marrakech عمالة مراكش,Marrakech-Safi,PML,1129,0
Préfecture de Marrakech عمالة مراكش,Marrakech-Safi,AFG,1126,0
Préfecture de Marrakech عمالة مراكش,Marrakech-Safi,PUD,935,0
Préfecture de Marrakech عمالة مراكش,Marrakech-Safi,PDI,556,0
Préfecture de Marrakech عمالة مراكش,Marrakech-Safi,PAN,255,0
Préfecture de Marrakech عمالة مراكش,Marrakech-Safi,PVM,29,0
Rhamna Province,Marrakech-Safi,PAM,31073,1
Rhamna Province,Marrakech-Safi,RNI,27319,1
Rhamna Province,Marrakech-Safi,PI,13643,1
Rhamna Province,Marrakech-Safi,UC,8079,0
Rhamna Province,Marrakech-Safi,PPS,2558,0
Rhamna Province,Marrakech-Safi,AFG,2283,0
Rhamna Province,Marrakech-Safi,PJD,1780,0
Rhamna Province,Marrakech-Safi,USFP,642,0
Rhamna Province,Marrakech-Safi,PSU,496,0
Rhamna Province,Marrakech-Safi,NEO,257,0
Rhamna Province,Marrakech-Safi,PCS,238,0
Rhamna Province,Marrakech-Safi,PAN,179,0
Rhamna Province,Marrakech-Safi,PLJS,144,0
Province de Berkane إقليم بركان,Oriental,RNI,23797,1
Province de Berkane إقليم بركان,Oriental,PI,17148,1
Province de Berkane إقليم بركان,Oriental,PAM,12174,1
Province de Berkane إقليم بركان,Oriental,MP,4086,0
Province de Berkane إقليم بركان,Oriental,PJD,3813,0
Province de Berkane إقليم بركان,Oriental,PPS,3576,0
Province de Berkane إقليم بركان,Oriental,FFD,1952,0
Province de Berkane إقليم بركان,Oriental,UC,1740,0
Province de Berkane إقليم بركان,Oriental,USFP,1386,0
Province de Berkane إقليم بركان,Oriental,PSU,744,0
Province de Berkane إقليم بركان,Oriental,AFG,485,0
Province de Berkane إقليم بركان,Oriental,NEO,89,0
Province de Driouch إقليم الدريوش,Oriental,RNI,20464,1
Province de Driouch إقليم الدريوش,Oriental,PI,17939,1
Province de Driouch إقليم الدريوش,Oriental,PAM,16658,1
Province de Driouch إقليم الدريوش,Oriental,MP,14449,0
Province de Driouch إقليم الدريوش,Oriental,NEO,2107,0
Province de Driouch إقليم الدريوش,Oriental,PPS,1760,0
Province de Driouch إقليم الدريوش,Oriental,PJD,713,0
Province de Driouch إقليم الدريوش,Oriental,FFD,466,0
Province de Driouch إقليم الدريوش,Oriental,USFP,293,0
Province de Driouch إقليم الدريوش,Oriental,PVM,163,0
Province de Figuig إقليم الناظور,Oriental,PAM,16912,1
Province de Figuig إقليم الناظور,Oriental,RNI,12392,1
Province de Figuig إقليم الناظور,Oriental,PI,6162,1
Province de Figuig إقليم الناظور,Oriental,PPS,4475,0
Province de Figuig إقليم الناظور,Oriental,USFP,4006,0
Province de Figuig إقليم الناظور,Oriental,MP,2084,0
Province de Figuig إقليم الناظور,Oriental,PSU,1979,0
Province de Figuig إقليم الناظور,Oriental,UC,1115,0
Province de Figuig إقليم الناظور,Oriental,PJD,926,0
Province de Figuig إقليم الناظور,Oriental,AFG,724,0
Province de Figuig إقليم الناظور,Oriental,FFD,385,0
Province de Figuig إقليم الناظور,Oriental,PEDD,24,0
Province de Guercif إقليم جرسيف,Oriental,PAM,18598,1
Province de Guercif إقليم جرسيف,Oriental,PI,15324,1
Province de Guercif إقليم جرسيف,Oriental,RNI,15025,0
Province de Guercif إقليم جرسيف,Oriental,USFP,5730,0
Province de Guercif إقليم جرسيف,Oriental,FFD,993,0
Province de Guercif إقليم جرسيف,Oriental,PJD,918,0
Province de Guercif إقليم جرسيف,Oriental,MP,364,0
Province de Guercif إقليم جرسيف,Oriental,AFG,265,0
Province de Guercif إقليم جرسيف,Oriental,PEDD,220,0
Province de Guercif إقليم جرسيف,Oriental,NEO,158,0
Province de Guercif إقليم جرسيف,Oriental,PDI,11,0
Province de Jerada إقليم جرادة,Oriental,PAM,9855,1
Province de Jerada إقليم جرادة,Oriental,RNI,9332,1
Province de Jerada إقليم جرادة,Oriental,PPS,8956,0
Province de Jerada إقليم جرادة,Oriental,PI,5019,0
Province de Jerada إقليم جرادة,Oriental,UC,2630,0
Province de Jerada إقليم جرادة,Oriental,MP,1376,0
Province de Jerada إقليم جرادة,Oriental,USFP,1022,0
Province de Jerada إقليم جرادة,Oriental,FFD,533,0
Province de Jerada إقليم جرادة,Oriental,PJD,409,0
Province de Jerada إقليم جرادة,Oriental,PML,70,0
Province de Jerada إقليم جرادة,Oriental,PVM,37,0
Province de Nador إقليم الناظور,Oriental,RNI,35973,1
Province de Nador إقليم الناظور,Oriental,USFP,18791,1
Province de Nador إقليم الناظور,Oriental,PI,15915,1
Province de Nador إقليم الناظور,Oriental,PPS,7986,0
Province de Nador إقليم الناظور,Oriental,PJD,4467,0
Province de Nador إقليم الناظور,Oriental,MP,2904,0
Province de Nador إقليم الناظور,Oriental,UC,2297,0
Province de Nador إقليم الناظور,Oriental,PSU,668,0
Province de Nador إقليم الناظور,Oriental,PRV,582,0
Province de Nador إقليم الناظور,Oriental,PUD,485,0
Province de Nador إقليم الناظور,Oriental,PVM,445,0
Province de Nador إقليم الناظور,Oriental,PEDD,350,0
Province de Nador إقليم الناظور,Oriental,FFD,347,0
Province de Nador إقليم الناظور,Oriental,PA,271,0
Province de Nador إقليم الناظور,Oriental,PSD,45,0
Province de Nador إقليم الناظور,Oriental,PDI,42,0
Province de Taourirt إقليم تاوريرت,Oriental,RNI,13721,1
Province de Taourirt إقليم تاوريرت,Oriental,PAM,13163,1
Province de Taourirt إقليم تاوريرت,Oriental,PI,11452,0
Province de Taourirt إقليم تاوريرت,Oriental,MP,11065,0
Province de Taourirt إقليم تاوريرت,Oriental,USFP,2244,0
Province de Taourirt إقليم تاوريرت,Oriental,PPS,1993,0
Province de Taourirt إقليم تاوريرت,Oriental,PJD,1462,0
Province de Taourirt إقليم تاوريرت,Oriental,PSU,771,0
Province de Taourirt إقليم تاوريرت,Oriental,UC,723,0
Province de Taourirt إقليم تاوريرت,Oriental,PEDD,412,0
Province de Taourirt إقليم تاوريرت,Oriental,PAN,325,0
Province de Taourirt إقليم تاوريرت,Oriental,PVM,138,0
Province de Taourirt إقليم تاوريرت,Oriental,PSD,64,0
Province de Taourirt إقليم تاوريرت,Oriental,UMD,42,0
Préfecture d'Oujda-Angad عمالة وجدة - أنجاد,Oriental,PAM,21979,1
Préfecture d'Oujda-Angad عمالة وجدة - أنجاد,Oriental,RNI,19678,1
Préfecture d'Oujda-Angad عمالة وجدة - أنجاد,Oriental,PI,5050,1
Préfecture d'Oujda-Angad عمالة وجدة - أنجاد,Oriental,USFP,3319,1
Préfecture d'Oujda-Angad عمالة وجدة - أنجاد,Oriental,PJD,2871,0
Préfecture d'Oujda-Angad عمالة وجدة - أنجاد,Oriental,MDS,2285,0
Préfecture d'Oujda-Angad عمالة وجدة - أنجاد,Oriental,NEO,790,0
Préfecture d'Oujda-Angad عمالة وجدة - أنجاد,Oriental,PSU,741,0
Préfecture d'Oujda-Angad عمالة وجدة - أنجاد,Oriental,UC,715,0
Préfecture d'Oujda-Angad عمالة وجدة - أنجاد,Oriental,AFG,684,0
Préfecture d'Oujda-Angad عمالة وجدة - أنجاد,Oriental,MP,674,0
Préfecture d'Oujda-Angad عمالة وجدة - أنجاد,Oriental,PPS,604,0
Préfecture d'Oujda-Angad عمالة وجدة - أنجاد,Oriental,PUD,488,0
Préfecture d'Oujda-Angad عمالة وجدة - أنجاد,Oriental,PDI,300,0
Préfecture d'Oujda-Angad عمالة وجدة - أنجاد,Oriental,PRV,273,0
Préfecture d'Oujda-Angad عمالة وجدة - أنجاد,Oriental,PLJS,262,0
Préfecture d'Oujda-Angad عمالة وجدة - أنجاد,Oriental,PVM,150,0
Préfecture d'Oujda-Angad عمالة وجدة - أنجاد,Oriental,PAN,122,0
Préfecture d'Oujda-Angad عمالة وجدة - أنجاد,Oriental,PML,116,0
Préfecture d'Oujda-Angad عمالة وجدة - أنجاد,Oriental,PEDD,106,0
Prefecture of Rabat,Rabat-Salé-Kenitra,RNI,26717,2
Prefecture of Rabat,Rabat-Salé-Kenitra,PAM,14717,2
Prefecture of Rabat,Rabat-Salé-Kenitra,PI,10039,1
Prefecture of Rabat,Rabat-Salé-Kenitra,USFP,8380,1
Prefecture of Rabat,Rabat-Salé-Kenitra,MP,7007,1
Prefecture of Rabat,Rabat-Salé-Kenitra,PJD,6639,0
Prefecture of Rabat,Rabat-Salé-Kenitra,AFG,3717,0
Prefecture of Rabat,Rabat-Salé-Kenitra,PPS,2777,0
Prefecture of Rabat,Rabat-Salé-Kenitra,UC,1963,0
Prefecture of Rabat,Rabat-Salé-Kenitra,PSU,1738,0
Prefecture of Rabat,Rabat-Salé-Kenitra,PML,1024,0
Prefecture of Rabat,Rabat-Salé-Kenitra,UMD,627,0
Prefecture of Rabat,Rabat-Salé-Kenitra,FFD,581,0
Prefecture of Rabat,Rabat-Salé-Kenitra,PEDD,553,0
Prefecture of Rabat,Rabat-Salé-Kenitra,PA,366,0
Prefecture of Rabat,Rabat-Salé-Kenitra,PUD,317,0
Prefecture of Rabat,Rabat-Salé-Kenitra,NEO,157,0
Prefecture of Rabat,Rabat-Salé-Kenitra,PCS,127,0
Prefecture of Rabat,Rabat-Salé-Kenitra,PRD,113,0
Prefecture of Rabat,Rabat-Salé-Kenitra,PVM,108,0
Prefecture of Rabat,Rabat-Salé-Kenitra,PRV,52,0
Prefecture of Rabat,Rabat-Salé-Kenitra,PDN,38,0
Prefecture of Rabat,Rabat-Salé-Kenitra,PSD,30,0
Prefecture of Salé,Rabat-Salé-Kenitra,RNI,26725,2
Prefecture of Salé,Rabat-Salé-Kenitra,PAM,20300,2
Prefecture of Salé,Rabat-Salé-Kenitra,PI,19518,1
Prefecture of Salé,Rabat-Salé-Kenitra,PPS,12221,1
Prefecture of Salé,Rabat-Salé-Kenitra,MP,8195,1
Prefecture of Salé,Rabat-Salé-Kenitra,PJD,7970,0
Prefecture of Salé,Rabat-Salé-Kenitra,USFP,3545,0
Prefecture of Salé,Rabat-Salé-Kenitra,UC,2671,0
Prefecture of Salé,Rabat-Salé-Kenitra,PSU,1218,0
Prefecture of Salé,Rabat-Salé-Kenitra,FFD,1141,0
Prefecture of Salé,Rabat-Salé-Kenitra,PUD,936,0
Prefecture of Salé,Rabat-Salé-Kenitra,AFG,902,0
Prefecture of Salé,Rabat-Salé-Kenitra,PEDD,578,0
Prefecture of Salé,Rabat-Salé-Kenitra,MDS,497,0
Prefecture of Salé,Rabat-Salé-Kenitra,PRV,268,0
Prefecture of Salé,Rabat-Salé-Kenitra,PLJS,139,0
Prefecture of Salé,Rabat-Salé-Kenitra,PRD,139,0
Prefecture of Salé,Rabat-Salé-Kenitra,NEO,58,0
Prefecture of Salé,Rabat-Salé-Kenitra,PCS,56,0
Prefecture of Salé,Rabat-Salé-Kenitra,PVM,47,0
Prefecture of Salé,Rabat-Salé-Kenitra,PDN,39,0
Province de Kenitra إقليم القنيطرة,Rabat-Salé-Kenitra,UC,40968,2
Province de Kenitra إقليم القنيطرة,Rabat-Salé-Kenitra,RNI,36887,1
Province de Kenitra إقليم القنيطرة,Rabat-Salé-Kenitra,PI,24902,1
Province de Kenitra إقليم القنيطرة,Rabat-Salé-Kenitra,PAM,23518,1
Province de Kenitra إقليم القنيطرة,Rabat-Salé-Kenitra,PJD,17918,1
Province de Kenitra إقليم القنيطرة,Rabat-Salé-Kenitra,MP,12346,0
Province de Kenitra إقليم القنيطرة,Rabat-Salé-Kenitra,USFP,7574,0
Province de Kenitra إقليم القنيطرة,Rabat-Salé-Kenitra,MDS,7076,0
Province de Kenitra إقليم القنيطرة,Rabat-Salé-Kenitra,PPS,4846,0
Province de Kenitra إقليم القنيطرة,Rabat-Salé-Kenitra,UMD,2865,0
Province de Kenitra إقليم القنيطرة,Rabat-Salé-Kenitra,AFG,2412,0
Province de Kenitra إقليم القنيطرة,Rabat-Salé-Kenitra,PSU,1694,0
Province de Kenitra إقليم القنيطرة,Rabat-Salé-Kenitra,PEDD,1622,0
Province de Kenitra إقليم القنيطرة,Rabat-Salé-Kenitra,FFD,1173,0
Province de Kenitra إقليم القنيطرة,Rabat-Salé-Kenitra,PCS,530,0
Province de Kenitra إقليم القنيطرة,Rabat-Salé-Kenitra,PRV,420,0
Province de Kenitra إقليم القنيطرة,Rabat-Salé-Kenitra,PA,371,0
Province de Kenitra إقليم القنيطرة,Rabat-Salé-Kenitra,PDI,286,0
Province de Kenitra إقليم القنيطرة,Rabat-Salé-Kenitra,PLJS,219,0
Province de Kenitra إقليم القنيطرة,Rabat-Salé-Kenitra,PUD,193,0
Province de Kenitra إقليم القنيطرة,Rabat-Salé-Kenitra,PVM,171,0
Province de Kenitra إقليم القنيطرة,Rabat-Salé-Kenitra,PSD,52,0
Province de Khémisset إقليم الخميسات,Rabat-Salé-Kenitra,RNI,46690,2
Province de Khémisset إقليم الخميسات,Rabat-Salé-Kenitra,PAM,35929,2
Province de Khémisset إقليم الخميسات,Rabat-Salé-Kenitra,MDS,32928,1
Province de Khémisset إقليم الخميسات,Rabat-Salé-Kenitra,MP,19092,1
Province de Khémisset إقليم الخميسات,Rabat-Salé-Kenitra,PI,11883,0
Province de Khémisset إقليم الخميسات,Rabat-Salé-Kenitra,PPS,7459,0
Province de Khémisset إقليم الخميسات,Rabat-Salé-Kenitra,NEO,2011,0
Province de Khémisset إقليم الخميسات,Rabat-Salé-Kenitra,PJD,1977,0
Province de Khémisset إقليم الخميسات,Rabat-Salé-Kenitra,AFG,1753,0
Province de Khémisset إقليم الخميسات,Rabat-Salé-Kenitra,USFP,1685,0
Province de Khémisset إقليم الخميسات,Rabat-Salé-Kenitra,PDI,1645,0
Province de Khémisset إقليم الخميسات,Rabat-Salé-Kenitra,PEDD,1498,0
Province de Khémisset إقليم الخميسات,Rabat-Salé-Kenitra,UC,1268,0
Province de Khémisset إقليم الخميسات,Rabat-Salé-Kenitra,PRD,1051,0
Province de Khémisset إقليم الخميسات,Rabat-Salé-Kenitra,PUD,574,0
Province de Khémisset إقليم الخميسات,Rabat-Salé-Kenitra,PSU,512,0
Province de Khémisset إقليم الخميسات,Rabat-Salé-Kenitra,PCS,512,0
Province de Khémisset إقليم الخميسات,Rabat-Salé-Kenitra,UMD,475,0
Province de Khémisset إقليم الخميسات,Rabat-Salé-Kenitra,PA,378,0
Province de Khémisset إقليم الخميسات,Rabat-Salé-Kenitra,PLJS,320,0
Province de Khémisset إقليم الخميسات,Rabat-Salé-Kenitra,PSD,249,0
Province de Khémisset إقليم الخميسات,Rabat-Salé-Kenitra,PVM,208,0
Province de Khémisset إقليم الخميسات,Rabat-Salé-Kenitra,PAN,111,0
Province de Sidi Kacem إقليم سيدي قاسم,Rabat-Salé-Kenitra,RNI,41980,1
Province de Sidi Kacem إقليم سيدي قاسم,Rabat-Salé-Kenitra,MP,24996,1
Province de Sidi Kacem إقليم سيدي قاسم,Rabat-Salé-Kenitra,PAM,22492,1
Province de Sidi Kacem إقليم سيدي قاسم,Rabat-Salé-Kenitra,PI,21913,1
Province de Sidi Kacem إقليم سيدي قاسم,Rabat-Salé-Kenitra,USFP,21466,1
Province de Sidi Kacem إقليم سيدي قاسم,Rabat-Salé-Kenitra,UC,10801,0
Province de Sidi Kacem إقليم سيدي قاسم,Rabat-Salé-Kenitra,PJD,5834,0
Province de Sidi Kacem إقليم سيدي قاسم,Rabat-Salé-Kenitra,PPS,5111,0
Province de Sidi Kacem إقليم سيدي قاسم,Rabat-Salé-Kenitra,PML,3202,0
Province de Sidi Kacem إقليم سيدي قاسم,Rabat-Salé-Kenitra,AFG,1343,0
Province de Sidi Kacem إقليم سيدي قاسم,Rabat-Salé-Kenitra,PEDD,508,0
Province de Sidi Kacem إقليم سيدي قاسم,Rabat-Salé-Kenitra,PVM,298,0
Province de Sidi Kacem إقليم سيدي قاسم,Rabat-Salé-Kenitra,PRV,227,0
Province de Sidi Kacem إقليم سيدي قاسم,Rabat-Salé-Kenitra,PDI,76,0
Province de Sidi Kacem إقليم سيدي قاسم,Rabat-Salé-Kenitra,NEO,48,0
Province de Sidi Slimane إقليم سيدي سليمان,Rabat-Salé-Kenitra,UC,25136,1
Province de Sidi Slimane إقليم سيدي سليمان,Rabat-Salé-Kenitra,USFP,18607,1
Province de Sidi Slimane إقليم سيدي سليمان,Rabat-Salé-Kenitra,RNI,17212,1
Province de Sidi Slimane إقليم سيدي سليمان,Rabat-Salé-Kenitra,PAM,9977,0
Province de Sidi Slimane إقليم سيدي سليمان,Rabat-Salé-Kenitra,PI,3862,0
Province de Sidi Slimane إقليم سيدي سليمان,Rabat-Salé-Kenitra,MP,2067,0
Province de Sidi Slimane إقليم سيدي سليمان,Rabat-Salé-Kenitra,PJD,1735,0
Province de Sidi Slimane إقليم سيدي سليمان,Rabat-Salé-Kenitra,PPS,1625,0
Province de Sidi Slimane إقليم سيدي سليمان,Rabat-Salé-Kenitra,FFD,1545,0
Province de Sidi Slimane إقليم سيدي سليمان,Rabat-Salé-Kenitra,PML,1103,0
Province de Sidi Slimane إقليم سيدي سليمان,Rabat-Salé-Kenitra,PDI,560,0
Province de Sidi Slimane إقليم سيدي سليمان,Rabat-Salé-Kenitra,PA,472,0
Province de Sidi Slimane إقليم سيدي سليمان,Rabat-Salé-Kenitra,PRV,398,0
Province de Sidi Slimane إقليم سيدي سليمان,Rabat-Salé-Kenitra,UMD,366,0
Province de Sidi Slimane إقليم سيدي سليمان,Rabat-Salé-Kenitra,PEDD,360,0
Province de Sidi Slimane إقليم سيدي سليمان,Rabat-Salé-Kenitra,PAN,181,0
Province de Sidi Slimane إقليم سيدي سليمان,Rabat-Salé-Kenitra,PCS,153,0
Province de Sidi Slimane إقليم سيدي سليمان,Rabat-Salé-Kenitra,PSU,117,0
Province de Sidi Slimane إقليم سيدي سليمان,Rabat-Salé-Kenitra,PRD,58,0
Province de Sidi Slimane إقليم سيدي سليمان,Rabat-Salé-Kenitra,PUD,56,0
Préfecture de Skhirate-Témara عمالة الصخيرات-تمارة,Rabat-Salé-Kenitra,RNI,22219,1
Préfecture de Skhirate-Témara عمالة الصخيرات-تمارة,Rabat-Salé-Kenitra,UC,16824,1
Préfecture de Skhirate-Témara عمالة الصخيرات-تمارة,Rabat-Salé-Kenitra,PAM,15545,1
Préfecture de Skhirate-Témara عمالة الصخيرات-تمارة,Rabat-Salé-Kenitra,PI,12877,1
Préfecture de Skhirate-Témara عمالة الصخيرات-تمارة,Rabat-Salé-Kenitra,PJD,5398,0
Préfecture de Skhirate-Témara عمالة الصخيرات-تمارة,Rabat-Salé-Kenitra,PPS,4874,0
Préfecture de Skhirate-Témara عمالة الصخيرات-تمارة,Rabat-Salé-Kenitra,MP,4552,0
Préfecture de Skhirate-Témara عمالة الصخيرات-تمارة,Rabat-Salé-Kenitra,MDS,2399,0
Préfecture de Skhirate-Témara عمالة الصخيرات-تمارة,Rabat-Salé-Kenitra,AFG,2006,0
Préfecture de Skhirate-Témara عمالة الصخيرات-تمارة,Rabat-Salé-Kenitra,USFP,1744,0
Préfecture de Skhirate-Témara عمالة الصخيرات-تمارة,Rabat-Salé-Kenitra,PEDD,1279,0
Préfecture de Skhirate-Témara عمالة الصخيرات-تمارة,Rabat-Salé-Kenitra,PSU,1049,0
Préfecture de Skhirate-Témara عمالة الصخيرات-تمارة,Rabat-Salé-Kenitra,FFD,1030,0
Préfecture de Skhirate-Témara عمالة الصخيرات-تمارة,Rabat-Salé-Kenitra,NEO,973,0
Préfecture de Skhirate-Témara عمالة الصخيرات-تمارة,Rabat-Salé-Kenitra,PUD,955,0
Préfecture de Skhirate-Témara عمالة الصخيرات-تمارة,Rabat-Salé-Kenitra,PRD,706,0
Préfecture de Skhirate-Témara عمالة الصخيرات-تمارة,Rabat-Salé-Kenitra,PML,562,0
Préfecture de Skhirate-Témara عمالة الصخيرات-تمارة,Rabat-Salé-Kenitra,PCS,400,0
Préfecture de Skhirate-Témara عمالة الصخيرات-تمارة,Rabat-Salé-Kenitra,PVM,67,0
Agadir Ida-Outanane Prefecture,Souss-Massa,RNI,50829,1
Agadir Ida-Outanane Prefecture,Souss-Massa,PAM,14136,1
Agadir Ida-Outanane Prefecture,Souss-Massa,PI,8175,1
Agadir Ida-Outanane Prefecture,Souss-Massa,PPS,7103,1
Agadir Ida-Outanane Prefecture,Souss-Massa,USFP,7091,0
Agadir Ida-Outanane Prefecture,Souss-Massa,PJD,5390,0
Agadir Ida-Outanane Prefecture,Souss-Massa,AFG,2230,0
Agadir Ida-Outanane Prefecture,Souss-Massa,MP,954,0
Agadir Ida-Outanane Prefecture,Souss-Massa,PSU,914,0
Agadir Ida-Outanane Prefecture,Souss-Massa,FFD,660,0
Agadir Ida-Outanane Prefecture,Souss-Massa,PVM,255,0
Agadir Ida-Outanane Prefecture,Souss-Massa,PML,137,0
Agadir Ida-Outanane Prefecture,Souss-Massa,PUD,118,0
Agadir Ida-Outanane Prefecture,Souss-Massa,PLJS,84,0
Agadir Ida-Outanane Prefecture,Souss-Massa,PEDD,81,0
Agadir Ida-Outanane Prefecture,Souss-Massa,PAN,54,0
Agadir Ida-Outanane Prefecture,Souss-Massa,PA,21,0
Chtouka-Ait Baha Province,Souss-Massa,RNI,37077,1
Chtouka-Ait Baha Province,Souss-Massa,PI,25022,1
Chtouka-Ait Baha Province,Souss-Massa,PAM,24718,1
Chtouka-Ait Baha Province,Souss-Massa,PJD,4380,0
Chtouka-Ait Baha Province,Souss-Massa,USFP,3571,0
Chtouka-Ait Baha Province,Souss-Massa,PPS,2669,0
Chtouka-Ait Baha Province,Souss-Massa,PSU,2393,0
Chtouka-Ait Baha Province,Souss-Massa,MP,1153,0
Chtouka-Ait Baha Province,Souss-Massa,AFG,501,0
Chtouka-Ait Baha Province,Souss-Massa,PCS,468,0
Chtouka-Ait Baha Province,Souss-Massa,PVM,62,0
Inezgane-Ait Melloul Prefecture,Souss-Massa,RNI,22975,1
Inezgane-Ait Melloul Prefecture,Souss-Massa,PAM,11122,1
Inezgane-Ait Melloul Prefecture,Souss-Massa,PI,10577,1
Inezgane-Ait Melloul Prefecture,Souss-Massa,USFP,7428,0
Inezgane-Ait Melloul Prefecture,Souss-Massa,PJD,5513,0
Inezgane-Ait Melloul Prefecture,Souss-Massa,PPS,5487,0
Inezgane-Ait Melloul Prefecture,Souss-Massa,FFD,3002,0
Inezgane-Ait Melloul Prefecture,Souss-Massa,MP,2142,0
Inezgane-Ait Melloul Prefecture,Souss-Massa,PUD,1222,0
Inezgane-Ait Melloul Prefecture,Souss-Massa,AFG,555,0
Inezgane-Ait Melloul Prefecture,Souss-Massa,PSU,531,0
Inezgane-Ait Melloul Prefecture,Souss-Massa,PRD,404,0
Inezgane-Ait Melloul Prefecture,Souss-Massa,PRV,251,0
Inezgane-Ait Melloul Prefecture,Souss-Massa,PEDD,242,0
Taroudant Province,Souss-Massa,RNI,104143,2
Taroudant Province,Souss-Massa,PI,73513,2
Taroudant Province,Souss-Massa,PAM,57141,2
Taroudant Province,Souss-Massa,USFP,13040,0
Taroudant Province,Souss-Massa,PJD,5725,0
Taroudant Province,Souss-Massa,UC,2175,0
Taroudant Province,Souss-Massa,MP,1255,0
Taroudant Province,Souss-Massa,PML,459,0
Taroudant Province,Souss-Massa,PSU,450,0
Taroudant Province,Souss-Massa,AFG,349,0
Taroudant Province,Souss-Massa,PPS,297,0
Taroudant Province,Souss-Massa,NEO,205,0
Taroudant Province,Souss-Massa,PUD,204,0
Taroudant Province,Souss-Massa,PCS,145,0
Tata Province,Souss-Massa,RNI,16800,1
Tata Province,Souss-Massa,PAM,13901,1
Tata Province,Souss-Massa,PI,9909,0
Tata Province,Souss-Massa,MP,6307,0
Tata Province,Souss-Massa,PJD,2102,0
Tata Province,Souss-Massa,USFP,678,0
Tata Province,Souss-Massa,PPS,376,0
Tata Province,Souss-Massa,PLJS,198,0
Tiznit Province,Souss-Massa,RNI,37605,1
Tiznit Province,Souss-Massa,PI,7661,1
Tiznit Province,Souss-Massa,PPS,5456,0
Tiznit Province,Souss-Massa,PJD,4548,0
Tiznit Province,Souss-Massa,USFP,4516,0
Tiznit Province,Souss-Massa,PAM,4340,0
Tiznit Province,Souss-Massa,MP,331,0
Tiznit Province,Souss-Massa,AFG,296,0
Tiznit Province,Souss-Massa,PAN,211,0
Tiznit Province,Souss-Massa,PVM,187,0
Tiznit Province,Souss-Massa,PML,139,0
Tiznit Province,Souss-Massa,PDI,21,0
Al Hoceima Province,Tangier-Tetouan-Al Hoceima,PI,22902,1
Al Hoceima Province,Tangier-Tetouan-Al Hoceima,RNI,19346,1
Al Hoceima Province,Tangier-Tetouan-Al Hoceima,PAM,14635,1
Al Hoceima Province,Tangier-Tetouan-Al Hoceima,MP,14190,1
Al Hoceima Province,Tangier-Tetouan-Al Hoceima,USFP,13702,0
Al Hoceima Province,Tangier-Tetouan-Al Hoceima,UC,11457,0
Al Hoceima Province,Tangier-Tetouan-Al Hoceima,PPS,4426,0
Al Hoceima Province,Tangier-Tetouan-Al Hoceima,PJD,1137,0
Al Hoceima Province,Tangier-Tetouan-Al Hoceima,FFD,957,0
Al Hoceima Province,Tangier-Tetouan-Al Hoceima,PSU,820,0
Al Hoceima Province,Tangier-Tetouan-Al Hoceima,PVM,329,0
Al Hoceima Province,Tangier-Tetouan-Al Hoceima,NEO,316,0
Al Hoceima Province,Tangier-Tetouan-Al Hoceima,PML,160,0
Al Hoceima Province,Tangier-Tetouan-Al Hoceima,PRD,159,0
Chefchaouen Province,Tangier-Tetouan-Al Hoceima,RNI,31888,1
Chefchaouen Province,Tangier-Tetouan-Al Hoceima,USFP,21321,1
Chefchaouen Province,Tangier-Tetouan-Al Hoceima,PAM,19106,1
Chefchaouen Province,Tangier-Tetouan-Al Hoceima,PI,17076,1
Chefchaouen Province,Tangier-Tetouan-Al Hoceima,UC,9101,0
Chefchaouen Province,Tangier-Tetouan-Al Hoceima,MP,8440,0
Chefchaouen Province,Tangier-Tetouan-Al Hoceima,PPS,6097,0
Chefchaouen Province,Tangier-Tetouan-Al Hoceima,PSU,2897,0
Chefchaouen Province,Tangier-Tetouan-Al Hoceima,PJD,1129,0
Chefchaouen Province,Tangier-Tetouan-Al Hoceima,PEDD,833,0
Chefchaouen Province,Tangier-Tetouan-Al Hoceima,NEO,546,0
Chefchaouen Province,Tangier-Tetouan-Al Hoceima,PUD,493,0
Chefchaouen Province,Tangier-Tetouan-Al Hoceima,PVM,324,0
Fahs-Anjra Province,Tangier-Tetouan-Al Hoceima,RNI,14643,1
Fahs-Anjra Province,Tangier-Tetouan-Al Hoceima,PI,10096,1
Fahs-Anjra Province,Tangier-Tetouan-Al Hoceima,PJD,2534,0
Fahs-Anjra Province,Tangier-Tetouan-Al Hoceima,PPS,1098,0
Fahs-Anjra Province,Tangier-Tetouan-Al Hoceima,PAM,369,0
Fahs-Anjra Province,Tangier-Tetouan-Al Hoceima,USFP,204,0
Fahs-Anjra Province,Tangier-Tetouan-Al Hoceima,AFG,152,0
Fahs-Anjra Province,Tangier-Tetouan-Al Hoceima,PAN,11,0
Fahs-Anjra Province,Tangier-Tetouan-Al Hoceima,PA,3,0
Larache Province,Tangier-Tetouan-Al Hoceima,RNI,35532,1
Larache Province,Tangier-Tetouan-Al Hoceima,PI,24676,1
Larache Province,Tangier-Tetouan-Al Hoceima,UC,19068,1
Larache Province,Tangier-Tetouan-Al Hoceima,PAM,14510,1
Larache Province,Tangier-Tetouan-Al Hoceima,USFP,5418,0
Larache Province,Tangier-Tetouan-Al Hoceima,PJD,4106,0
Larache Province,Tangier-Tetouan-Al Hoceima,MP,2905,0
Larache Province,Tangier-Tetouan-Al Hoceima,PEDD,766,0
Larache Province,Tangier-Tetouan-Al Hoceima,PVM,585,0
Larache Province,Tangier-Tetouan-Al Hoceima,PPS,552,0
Larache Province,Tangier-Tetouan-Al Hoceima,NEO,367,0
Larache Province,Tangier-Tetouan-Al Hoceima,PUD,338,0
Larache Province,Tangier-Tetouan-Al Hoceima,AFG,317,0
Larache Province,Tangier-Tetouan-Al Hoceima,PA,103,0
Prefecture of Tangier - Assilah,Tangier-Tetouan-Al Hoceima,UC,22821,1
Prefecture of Tangier - Assilah,Tangier-Tetouan-Al Hoceima,PI,21218,1
Prefecture of Tangier - Assilah,Tangier-Tetouan-Al Hoceima,PAM,20131,1
Prefecture of Tangier - Assilah,Tangier-Tetouan-Al Hoceima,RNI,19900,1
Prefecture of Tangier - Assilah,Tangier-Tetouan-Al Hoceima,USFP,11650,1
Prefecture of Tangier - Assilah,Tangier-Tetouan-Al Hoceima,PJD,8010,0
Prefecture of Tangier - Assilah,Tangier-Tetouan-Al Hoceima,MP,2567,0
Prefecture of Tangier - Assilah,Tangier-Tetouan-Al Hoceima,PPS,2485,0
Prefecture of Tangier - Assilah,Tangier-Tetouan-Al Hoceima,PSU,1410,0
Prefecture of Tangier - Assilah,Tangier-Tetouan-Al Hoceima,NEO,1059,0
Prefecture of Tangier - Assilah,Tangier-Tetouan-Al Hoceima,PCS,938,0
Prefecture of Tangier - Assilah,Tangier-Tetouan-Al Hoceima,PVM,792,0
Prefecture of Tangier - Assilah,Tangier-Tetouan-Al Hoceima,AFG,654,0
Prefecture of Tangier - Assilah,Tangier-Tetouan-Al Hoceima,PEDD,437,0
Prefecture of Tangier - Assilah,Tangier-Tetouan-Al Hoceima,PAN,371,0
Prefecture of Tangier - Assilah,Tangier-Tetouan-Al Hoceima,MDS,349,0
Prefecture of Tangier - Assilah,Tangier-Tetouan-Al Hoceima,PUD,316,0
Prefecture of Tangier - Assilah,Tangier-Tetouan-Al Hoceima,PRV,158,0
Prefecture of Tangier - Assilah,Tangier-Tetouan-Al Hoceima,PA,130,0
Prefecture of Tangier - Assilah,Tangier-Tetouan-Al Hoceima,UMD,123,0
Prefecture of Tangier - Assilah,Tangier-Tetouan-Al Hoceima,PDI,51,0
Prefecture of Tangier - Assilah,Tangier-Tetouan-Al Hoceima,PLJS,16,0
Province d'Ouezzane إقليم وزان,Tangier-Tetouan-Al Hoceima,RNI,30619,1
Province d'Ouezzane إقليم وزان,Tangier-Tetouan-Al Hoceima,PAM,27818,1
Province d'Ouezzane إقليم وزان,Tangier-Tetouan-Al Hoceima,PI,17214,1
Province d'Ouezzane إقليم وزان,Tangier-Tetouan-Al Hoceima,USFP,12545,0
Province d'Ouezzane إقليم وزان,Tangier-Tetouan-Al Hoceima,PJD,5712,0
Province d'Ouezzane إقليم وزان,Tangier-Tetouan-Al Hoceima,MP,1150,0
Province d'Ouezzane إقليم وزان,Tangier-Tetouan-Al Hoceima,PPS,734,0
Province d'Ouezzane إقليم وزان,Tangier-Tetouan-Al Hoceima,PVM,308,0
Province d'Ouezzane إقليم وزان,Tangier-Tetouan-Al Hoceima,PEDD,186,0
Province d'Ouezzane إقليم وزان,Tangier-Tetouan-Al Hoceima,PRD,108,0
Province d'Ouezzane إقليم وزان,Tangier-Tetouan-Al Hoceima,PAN,62,0
Province d'Ouezzane إقليم وزان,Tangier-Tetouan-Al Hoceima,PDI,17,0
Préfecture de M'diq-Fnideq عمالة المضيق الفنيدق,Tangier-Tetouan-Al Hoceima,PAM,9299,1
Préfecture de M'diq-Fnideq عمالة المضيق الفنيدق,Tangier-Tetouan-Al Hoceima,USFP,5149,1
Préfecture de M'diq-Fnideq عمالة المضيق الفنيدق,Tangier-Tetouan-Al Hoceima,RNI,4479,0
Préfecture de M'diq-Fnideq عمالة المضيق الفنيدق,Tangier-Tetouan-Al Hoceima,PPS,3245,0
Préfecture de M'diq-Fnideq عمالة المضيق الفنيدق,Tangier-Tetouan-Al Hoceima,UC,2896,0
Préfecture de M'diq-Fnideq عمالة المضيق الفنيدق,Tangier-Tetouan-Al Hoceima,PI,2544,0
Préfecture de M'diq-Fnideq عمالة المضيق الفنيدق,Tangier-Tetouan-Al Hoceima,PJD,1675,0
Préfecture de M'diq-Fnideq عمالة المضيق الفنيدق,Tangier-Tetouan-Al Hoceima,AFG,1179,0
Préfecture de M'diq-Fnideq عمالة المضيق الفنيدق,Tangier-Tetouan-Al Hoceima,FFD,1048,0
Préfecture de M'diq-Fnideq عمالة المضيق الفنيدق,Tangier-Tetouan-Al Hoceima,PEDD,1027,0
Préfecture de M'diq-Fnideq عمالة المضيق الفنيدق,Tangier-Tetouan-Al Hoceima,PSU,573,0
Préfecture de M'diq-Fnideq عمالة المضيق الفنيدق,Tangier-Tetouan-Al Hoceima,PML,200,0
Tetouan Province,Tangier-Tetouan-Al Hoceima,RNI,26877,1
Tetouan Province,Tangier-Tetouan-Al Hoceima,PAM,25706,1
Tetouan Province,Tangier-Tetouan-Al Hoceima,PI,11798,1
Tetouan Province,Tangier-Tetouan-Al Hoceima,USFP,5424,1
Tetouan Province,Tangier-Tetouan-Al Hoceima,UC,5265,1
Tetouan Province,Tangier-Tetouan-Al Hoceima,PJD,2866,0
Tetouan Province,Tangier-Tetouan-Al Hoceima,PPS,2852,0
Tetouan Province,Tangier-Tetouan-Al Hoceima,MP,2434,0
Tetouan Province,Tangier-Tetouan-Al Hoceima,PSU,1065,0
Tetouan Province,Tangier-Tetouan-Al Hoceima,AFG,827,0
Tetouan Province,Tangier-Tetouan-Al Hoceima,PML,421,0
Tetouan Province,Tangier-Tetouan-Al Hoceima,PEDD,145,0
Tetouan Province,Tangier-Tetouan-Al Hoceima,PVM,66,0
